Index,Xg,Yg,Zg
A0,0,0,-304.7218
B1,6.1935,8.525,-304.4318
C1,10.0227,-3.256,-304.4747
D1,0,-10.538,-304.4868
E1,-10.0214,-3.256,-304.4337
A1,-6.1944,8.526,-304.4724
A3,0,17.051,-304.0965
B2,12.3801,17.04,-303.896
B3,16.2182,5.27,-304.1303
C2,20.0288,-6.507,-303.8579
C3,10.0235,-13.796,-304.132
D2,0,-21.058,-303.8455
D3,-10.0234,-13.796,-304.1294
E2,-20.0288,-6.507,-303.8574
E3,-16.217,5.269,-304.1076
A2,-12.3791,17.039,-303.8715
A5,-6.1942,25.592,-303.5037
A6,6.1939,25.591,-303.4892
B4,18.5526,25.536,-303.002
B5,22.4302,13.803,-303.5704
B6,26.2561,2.018,-303.5342
C4,30.0162,-9.752,-302.9761
C5,20.0557,-17.065,-303.5337
C6,10.0315,-24.345,-303.505
D4,0,-31.562,-302.9954
D5,-10.0324,-24.347,-303.5345
D6,-20.0581,-17.067,-303.5703
E4,-30.0144,-9.752,-302.9581
E5,-26.2518,2.018,-303.4846
E6,-22.4252,13.8,-303.5028
A4,-18.5518,25.535,-302.9881
A8,-12.3631,34.089,-302.5193
A9,0,34.109,-302.6971
A10,12.3597,34.08,-302.4363
B7,24.705,34.004,-301.7623
B8,28.5918,22.286,-302.4326
B9,32.4383,10.54,-302.6863
B10,36.2433,-1.223,-302.5404
C7,39.9719,-12.987,-301.7501
C8,30.0385,-20.311,-302.516
C9,20.0485,-27.594,-302.6948
C10,10.0319,-34.834,-302.4282
D7,0,-42.033,-301.7832
D8,-10.0319,-34.834,-302.4275
D9,-20.0484,-27.594,-302.6932
D10,-30.0391,-20.312,-302.5216
E7,-39.9718,-12.987,-301.7497
E8,-36.2339,-1.223,-302.4619
E9,-32.4465,10.543,-302.7628
E10,-28.5945,22.288,-302.4609
A7,-24.7037,34.002,-301.7466
A12,-18.5517,42.644,-301.0493
A13,-6.1956,42.712,-301.627
A14,6.1934,42.696,-301.5179
A15,18.5515,42.644,-301.0458
B11,30.8141,42.413,-300.0143
B12,34.8214,30.82,-301.0265
B13,38.7033,19.09,-301.6032
B14,42.5252,7.305,-301.554
B15,46.2913,-4.466,-301.0604
C11,49.8678,-16.203,-300.0718
C12,40.0663,-23.59,-300.9901
C13,30.1101,-30.905,-301.5528
C14,20.0893,-38.189,-301.5758
C15,10.0559,-45.399,-301.0214
D11,0,-52.432,-300.0608
D12,-10.0563,-45.401,-301.0329
D13,-20.0894,-38.189,-301.5775
D14,-30.1099,-30.905,-301.5516
D15,-40.0742,-23.595,-301.0498
E11,-49.8682,-16.203,-300.0744
E12,-46.2899,-4.466,-301.0509
E13,-42.5331,7.306,-301.6106
E14,-38.6943,19.086,-301.5331
E15,-34.825,30.823,-301.0576
A11,-30.8179,42.418,-300.0512
A17,-24.6582,51.05,-299.2533
A18,-12.3794,51.235,-300.0001
A19,0,51.292,-300.3342
A20,12.3782,51.23,-299.9721
A21,24.6672,51.069,-299.3628
B16,36.8929,50.779,-297.9985
B17,40.9456,39.241,-299.3561
B18,44.894,27.602,-299.95
B19,48.7668,15.846,-300.2454
B20,52.5513,4.06,-299.9939
B21,56.1861,-7.678,-299.3334
C16,59.7041,-19.398,-298.05
C17,49.9584,-26.808,-299.2734
C18,40.1322,-34.175,-300.0167
C19,30.1389,-41.482,-300.2392
C20,20.0992,-48.724,-299.993
C21,10.0601,-55.808,-299.3323
D16,0,-62.777,-298.0539
D17,-10.0602,-55.809,-299.3356
D18,-20.1005,-48.727,-300.0115
D19,-30.1436,-41.489,-300.2864
D20,-40.1339,-34.176,-300.029
D21,-49.9548,-26.806,-299.2504
E16,-59.7036,-19.398,-298.0474
E17,-56.1719,-7.676,-299.2576
E18,-52.5583,4.06,-300.0344
E19,-48.7768,15.849,-300.3068
E20,-44.9036,27.608,-300.0145
E21,-40.9342,39.23,-299.2731
A16,-36.9005,50.79,-298.0608
A23,-30.7446,59.442,-297.202
A24,-18.4711,59.652,-298.1116
A25,-6.192,59.752,-298.5361
A26,6.1953,59.784,-298.697
A27,18.4684,59.644,-298.0673
A28,30.7405,59.434,-297.1617
B22,42.9263,59.084,-295.6249
B23,47.0256,47.602,-297.1646
B24,51.0181,35.996,-298.0739
B25,54.9288,24.361,-298.6198
B26,58.7389,12.575,-298.5293
B27,62.4579,0.867,-298.1954
B28,65.9604,-10.859,-296.8759
C22,69.7276,-22.655,-296.7803
C23,59.7997,-30.011,-297.1417
C24,50.0059,-37.402,-298.1108
C25,40.151,-44.723,-298.69
C26,30.1111,-51.978,-298.5317
C27,20.1216,-59.123,-298.1474
C28,10.0644,-66.15,-297.1585
D22,0,-73.036,-295.6513
D23,-10.0662,-66.162,-297.2114
D24,-20.1212,-59.122,-298.1419
D25,-30.1109,-51.977,-298.5298
D26,-40.1508,-44.723,-298.6883
D27,-50.0061,-37.403,-298.1122
D28,-59.8012,-30.012,-297.1494
E22,-69.4866,-22.577,-295.7542
E23,-66.0165,-10.868,-297.1284
E24,-62.4404,0.867,-298.1123
E25,-58.7689,12.582,-298.6814
E26,-54.9119,24.353,-298.5279
E27,-51.0363,36.009,-298.1804
E28,-47.0258,47.603,-297.1655
A22,-42.9449,59.109,-295.7532
A30,-36.7472,67.697,-294.557
A31,-24.5409,68,-295.8765
A32,-12.2766,68.145,-296.5064
A33,0,68.231,-296.8799
A34,12.2768,68.146,-296.5126
A35,24.546,68.014,-295.9375
A36,36.7453,67.693,-294.5416
B29,48.928,67.344,-293.0214
B30,53.0335,55.875,-294.5891
B31,57.0727,44.342,-295.7972
B32,61.0236,32.738,-296.5453
B33,64.8885,21.084,-296.8691
B34,68.6215,9.385,-296.5864
B35,72.5231,-2.335,-296.9738
B36,76.3621,-14.145,-296.9817
C29,80.0408,-26.007,-296.2552
C30,69.8521,-33.326,-295.9639
C31,59.8408,-40.6,-295.9633
C32,49.987,-47.914,-296.5104
C33,40.1047,-55.199,-296.8797
C34,30.1223,-62.345,-296.5061
C35,20.112,-69.426,-295.829
C36,10.0628,-76.374,-294.5856
D29,0,-83.236,-293.0038
D30,-10.0613,-76.362,-294.5403
D31,-20.1181,-69.447,-295.9191
D32,-30.1351,-62.372,-296.6314
D33,-40.0947,-55.185,-296.8058
D34,-50.0008,-47.927,-296.5927
D35,-59.8304,-40.593,-295.9121
D36,-69.5197,-33.167,-294.5554
E29,-79.1762,-25.726,-293.0552
E30,-75.7348,-14.028,-294.5418
E31,-72.266,-2.326,-295.9208
E32,-68.6271,9.386,-296.6107
E33,-64.8747,21.079,-296.8057
E34,-61.046,32.75,-296.654
E35,-57.0934,44.358,-295.9046
E36,-53.025,55.866,-294.5419
A29,-48.9362,67.355,-293.0706
A38,-42.9314,76.343,-291.6141
A39,-30.7432,76.691,-293.1202
A40,-18.474,76.911,-294.0777
A41,-6.1966,77.009,-294.51
A42,6.1984,77.03,-294.5918
A43,18.4736,76.909,-294.071
A44,30.7363,76.674,-293.054
A45,42.9234,76.329,-291.5598
B37,54.8211,75.455,-289.7792
B38,59.3254,64.407,-291.5449
B39,63.4415,52.942,-293.1412
B40,67.4544,41.347,-294.1513
B41,71.2845,29.674,-294.3452
B42,75.6496,18.022,-296.4516
B43,79.5422,6.252,-296.6404
B44,83.3722,-5.602,-296.4447
B45,87.3494,-17.535,-296.6293
C37,89.8382,-29.19,-293.4898
C38,80.1971,-36.799,-293.7824
C39,69.9788,-43.992,-293.2435
C40,60.1466,-51.358,-294.0483
C41,50.3026,-58.687,-294.6571
C42,40.2487,-65.938,-294.4918
C43,30.2655,-73.09,-294.1198
C44,20.2077,-80.122,-293.1478
C45,10.1448,-87.031,-291.7296
D37,0,-93.279,-289.8198
D38,-10.1453,-87.035,-291.744
D39,-20.2054,-80.113,-293.1143
D40,-30.2562,-73.068,-294.0298
D41,-40.2617,-65.96,-294.5867
D42,-50.2771,-58.658,-294.5077
D43,-60.153,-51.363,-294.0795
D44,-69.9507,-43.974,-293.1257
D45,-79.5979,-36.524,-291.5871
E37,-88.7629,-28.84,-289.977
E38,-85.9089,-17.246,-291.7374
E39,-82.4348,-5.54,-293.1114
E40,-78.8451,6.197,-294.0404
E41,-75.1615,17.905,-294.539
E42,-71.3322,29.694,-294.5421
E43,-67.4354,41.335,-294.0683
E44,-63.4316,52.933,-293.0954
E45,-59.3244,64.406,-291.54
A37,-54.841,75.483,-289.8845
A47,-48.8208,84.447,-288.3409
A48,-36.9135,85.302,-290.0573
A49,-24.6747,85.607,-291.3035
A50,-12.3833,85.706,-291.8543
A51,0,85.848,-292.3351
A52,12.3833,85.706,-291.8545
A53,24.6712,85.595,-291.2626
A54,36.9118,85.298,-290.0443
A55,48.8286,84.46,-288.3866
B46,60.6649,83.499,-286.3074
B47,65.2844,72.592,-288.5971
B48,69.695,61.445,-289.9549
B49,73.8485,49.96,-291.5307
B50,77.9693,38.403,-292.9247
B51,82.1844,26.703,-294.2655
B52,86.5602,14.919,-296.0352
B53,90.4012,3.033,-295.7541
B54,94.167,-8.902,-295.1783
B55,96.7719,-20.628,-292.4892
C46,99.8059,-32.429,-291.1146
C47,89.4597,-39.767,-289.3978
C48,80.0167,-47.321,-290.1085
C49,70.2512,-54.73,-291.1837
C50,60.4281,-62.092,-292.0148
C51,50.4388,-69.422,-292.2149
C52,40.3842,-76.665,-292.0419
C53,30.3453,-83.732,-291.2052
C54,20.2769,-90.714,-290.0809
C55,10.1457,-97.076,-288.525
D46,0,-103.308,-286.5841
D47,-10.1431,-97.051,-288.452
D48,-20.2724,-90.694,-290.016
D49,-30.3457,-83.733,-291.2092
D50,-40.3738,-76.645,-291.9662
D51,-50.4384,-69.422,-292.2123
D52,-60.4211,-62.085,-291.9807
D53,-70.2519,-54.731,-291.1868
D54,-79.9873,-47.303,-290.0018
D55,-89.134,-39.622,-288.3442
E46,-98.1673,-31.896,-286.3352
E47,-95.4303,-20.342,-288.4344
E48,-92.5143,-8.745,-289.9978
E49,-89.0356,2.987,-291.2866
E50,-85.3583,14.712,-291.9248
E51,-81.6225,26.521,-292.2536
E52,-77.7033,38.272,-291.9256
E53,-73.7699,49.907,-291.2202
E54,-69.6933,61.443,-289.948
E55,-65.2586,72.563,-288.4832
A46,-60.7307,83.589,-286.6179
A57,-54.6813,92.525,-284.8835
A58,-42.7646,93.364,-286.5558
A59,-30.8208,94.086,-287.9084
A60,-18.5561,94.309,-288.8781
A61,-6.1979,94.502,-289.4229
A62,6.1947,94.464,-289.3047
A63,18.5641,94.353,-289.0129
A64,30.8115,94.059,-287.8268
A65,42.7732,93.385,-286.6182
A66,54.6901,92.541,-284.9325
B56,66.4461,91.456,-282.55
B57,71.0932,80.59,-284.8616
B58,75.5903,69.533,-286.5964
B59,79.9441,58.377,-287.8642
B60,83.9752,46.8,-288.936
B61,88.4097,35.277,-290.8977
B62,92.6306,23.522,-292.0675
B63,96.6676,11.646,-292.6351
B64,100.4859,-0.241,-292.2165
B65,103.8265,-12.03,-291.6601
B66,107.1026,-23.906,-290.8836
C56,109.9364,-35.72,-288.9212
C57,100.0103,-43.314,-288.892
C58,90.0686,-50.731,-288.4563
C59,80.284,-58.035,-288.0793
C60,70.44,-65.385,-288.8571
C61,60.5588,-72.808,-289.4131
C62,50.5177,-80.072,-289.3364
C63,40.4489,-87.263,-289.078
C64,30.3736,-94.251,-287.9664
C65,20.2831,-100.681,-286.5877
C66,10.1466,-106.996,-284.8881
D56,0,-113.118,-282.7342
D57,-10.1522,-107.055,-285.0453
D58,-20.2798,-100.664,-286.5404
D59,-30.3686,-94.235,-287.919
D60,-40.4481,-87.262,-289.0725
D61,-50.512,-80.063,-289.3033
D62,-60.5852,-72.839,-289.5391
D63,-70.4411,-65.386,-288.8618
D64,-80.2272,-57.994,-287.8754
D65,-89.4876,-50.403,-286.5957
D66,-98.645,-42.722,-284.9481
E56,-107.5914,-34.958,-282.7584
E57,-104.8509,-23.404,-284.7679
E58,-102.0369,-11.823,-286.6328
E59,-99.0278,-0.238,-287.976
E60,-95.4117,11.494,-288.8331
E61,-91.7908,23.308,-289.4194
E62,-87.9349,35.087,-289.3354
E63,-83.953,46.788,-288.8596
E64,-79.9906,58.411,-288.0318
E65,-75.5808,69.524,-286.5606
E66,-71.0669,80.561,-284.7564
A56,-66.4448,91.454,-282.5444
A68,-60.4528,100.474,-281.0612
A69,-48.5836,101.361,-282.8696
A70,-36.6847,102.183,-284.4974
A71,-24.6973,102.757,-285.4356
A72,-12.3633,103.05,-286.2476
A73,0,103.116,-286.4314
A74,12.3598,103.02,-286.1652
A75,24.7154,102.832,-285.6448
A76,36.665,102.128,-284.3449
A77,48.5799,101.353,-282.8477
A78,60.4602,100.487,-281.0958
B67,72.202,99.378,-278.6663
B68,76.8282,88.488,-280.8883
B69,81.4412,77.581,-283.0596
B70,85.786,66.42,-284.3013
B71,90.1551,55.279,-285.6243
B72,94.5726,43.782,-287.4258
B73,98.8308,32.113,-288.6583
B74,102.9473,20.307,-289.3999
B75,106.8423,8.382,-289.4534
B76,110.6576,-3.378,-290.108
B77,114.1747,-15.252,-289.882
B78,116.8387,-27.048,-287.4615
C67,119.6087,-38.863,-285.3057
C68,109.7827,-46.522,-285.7946
C69,100.2761,-54.198,-286.8542
C70,90.0732,-61.331,-285.5541
C71,80.4252,-68.654,-285.5982
C72,70.5719,-76.1,-286.2437
C73,60.6089,-83.421,-286.4282
C74,50.5832,-90.661,-286.3309
C75,40.4206,-97.654,-285.4519
C76,30.3683,-104.18,-284.3607
C77,20.2724,-110.554,-282.8565
C78,10.1433,-116.743,-280.8804
D67,0,-122.753,-278.4761
D68,-10.146,-116.774,-280.9551
D69,-20.809,-113.48,-286.2218
D70,-30.3691,-104.183,-284.368
D71,-40.4307,-97.678,-285.523
D72,-50.5698,-90.637,-286.255
D73,-60.6163,-83.431,-286.4632
D74,-70.5608,-76.088,-286.1985
D75,-80.433,-68.661,-285.626
D76,-89.7414,-61.105,-284.5021
D77,-98.9037,-53.456,-282.9281
D78,-107.8957,-45.722,-280.8825
E67,-116.7617,-37.938,-278.5146
E68,-114.2375,-26.446,-281.0617
E69,-111.4008,-14.881,-282.8391
E70,-108.4935,-3.312,-284.4345
E71,-105.3818,8.267,-285.4966
E72,-101.809,20.083,-286.1999
E73,-98.0692,31.865,-286.434
E74,-94.1965,43.608,-286.2826
E75,-90.088,55.238,-285.4118
E76,-85.8251,66.45,-284.4309
E77,-81.4578,77.596,-283.1176
E78,-76.8415,88.504,-280.9371
A67,-72.178,99.345,-278.5739
A80,-66.1586,108.346,-276.6942
A81,-54.3648,109.377,-278.9012
A82,-42.4743,110.283,-280.7541
A83,-30.5191,111,-282.0839
A84,-18.5593,111.374,-282.8059
A85,-6.1999,111.595,-283.4086
A86,6.1961,111.528,-283.2374
A87,18.56,111.378,-282.8169
A88,30.5176,110.994,-282.0701
A89,42.4673,110.265,-280.708
A90,54.3601,109.367,-278.8772
A91,66.1541,108.339,-276.6756
B79,77.837,107.134,-274.2938
B80,82.5501,96.345,-276.5308
B81,87.2081,85.488,-278.8523
B82,91.6712,74.403,-280.4834
B83,96.0517,63.272,-281.8381
B84,100.6083,52.287,-283.9942
B85,104.6796,40.56,-284.6663
B86,109.0598,28.856,-286.0605
B87,113.2967,17.012,-286.9578
B88,116.959,5.365,-286.8956
B89,121.3368,-6.494,-288.6684
B90,124.9714,-18.519,-288.4779
B91,127.2973,-30.347,-285.2315
C79,129.8662,-42.196,-282.8383
C80,120.1769,-50.002,-283.7042
C81,109.8949,-57.379,-283.0822
C82,99.6611,-64.563,-282.102
C83,89.9258,-71.854,-282.0579
C84,80.4782,-79.194,-282.8051
C85,70.5701,-86.589,-283.2503
C86,60.5491,-93.881,-283.2735
C87,50.4193,-100.952,-282.6397
C88,40.5126,-107.631,-281.8015
C89,30.4494,-114.146,-280.6559
C90,20.2957,-120.37,-278.735
C91,10.158,-126.507,-276.622
D79,0,-132.297,-274.0303
D80,-10.1552,-126.472,-276.5449
D81,-20.3149,-120.484,-278.9993
D82,-30.4501,-114.149,-280.6632
D83,-40.5087,-107.62,-281.7739
D84,-50.4618,-101.037,-282.878
D85,-60.5243,-93.843,-283.1575
D86,-70.5789,-86.6,-283.2854
D87,-80.4769,-79.192,-282.8007
D88,-89.8297,-71.777,-281.7563
D89,-99.101,-64.2,-280.5166
D90,-108.2014,-56.496,-278.7234
D91,-117.1821,-48.756,-276.6344
E79,-125.8692,-40.897,-274.1332
E80,-123.4182,-29.423,-276.5397
E81,-120.8279,-17.905,-278.9133
E82,-117.9119,-6.31,-280.5202
E83,-114.9114,5.271,-281.873
E84,-111.5925,16.756,-282.6413
E85,-108.0005,28.576,-283.2819
E86,-104.1193,40.343,-283.1426
E87,-100.1976,52.073,-282.8352
E88,-96.052,63.272,-281.839
E89,-91.668,74.4,-280.4736
E90,-87.1681,85.449,-278.7245
E91,-82.5845,96.385,-276.6461
A79,-77.8255,107.118,-274.2533
A93,-71.7189,115.995,-272.0468
A94,-60.0216,117.144,-274.3091
A95,-48.2123,118.206,-276.5156
A96,-36.2306,118.846,-277.7348
A97,-24.3361,119.435,-278.9694
A98,-12.3892,119.83,-279.7533
A99,0,119.836,-279.7633
A100,12.3898,119.836,-279.7666
A101,24.3275,119.393,-278.87
A102,36.2457,118.895,-277.8503
A103,48.1957,118.165,-276.4208
A104,60.0274,117.155,-274.3354
A105,71.7421,116.033,-272.1349
B92,83.2853,114.633,-269.2832
B93,88.1228,104.015,-271.9467
B94,92.8732,93.295,-274.3414
B95,97.5462,82.401,-276.5854
B96,102.3095,71.516,-279.0346
B97,106.3445,60.209,-279.6949
B98,111.0891,49.235,-282.1714
B99,115.022,37.374,-282.3468
B100,119.2004,25.548,-283.0934
B101,123.44,14.028,-284.3384
B102,127.6349,2.33,-285.3591
B103,131.4683,-9.628,-285.5285
B104,134.5631,-21.625,-284.0303
B105,137.2008,-33.517,-281.7411
C92,139.0941,-45.194,-277.9468
C93,129.7029,-53.12,-279.5941
C94,119.9607,-60.782,-280.26
C95,109.5311,-67.941,-279.1847
C96,99.4243,-75.046,-278.456
C97,89.9311,-82.357,-279.0967
C98,80.3735,-89.569,-279.4605
C99,70.4747,-96.999,-279.9129
C100,60.3675,-104.151,-279.5498
C101,50.4882,-110.873,-278.8296
C102,40.5825,-117.554,-277.9955
C103,30.4713,-123.953,-276.4829
C104,20.3153,-130.17,-274.562
C105,10.1594,-136.013,-272.0785
D92,0,-141.664,-269.2288
D93,-10.1638,-136.073,-272.1984
D94,-20.2979,-130.059,-274.3264
D95,-30.48,-123.989,-276.5624
D96,-40.5472,-117.452,-277.754
D97,-50.541,-110.989,-279.1217
D98,-60.3567,-104.132,-279.4995
D99,-70.4668,-96.988,-279.8813
D100,-80.4445,-89.648,-279.7074
D101,-89.8445,-82.278,-278.8279
D102,-99.2407,-74.907,-277.9416
D103,-108.4632,-67.278,-276.4629
D104,-117.4732,-59.521,-274.4484
D105,-126.1844,-51.679,-272.0094
E92,-134.7445,-43.781,-269.2552
E93,-132.5676,-32.385,-272.2268
E94,-129.9546,-20.884,-274.3029
E95,-127.3286,-9.325,-276.5378
E96,-124.2286,2.268,-277.7435
E97,-121.1335,13.766,-279.0256
E98,-117.7223,25.232,-279.5832
E99,-113.9823,37.036,-279.7947
E100,-110.1354,48.812,-279.749
E101,-106.0198,60.025,-278.841
E102,-101.891,71.224,-277.8932
E103,-97.4957,82.359,-276.4422
E104,-92.8846,93.306,-274.3753
E105,-88.1388,104.034,-271.9963
A92,-83.3719,114.752,-269.5632
A107,-77.216,123.568,-267.1574
A108,-65.5496,124.774,-269.5664
A109,-53.8785,125.931,-271.8984
A110,-41.9458,126.718,-273.4711
A111,-30.0667,127.313,-274.6578
A112,-18.1512,127.868,-275.7894
A113,-6.1938,128.007,-276.057
A114,6.1945,128.02,-276.0858
A115,18.1534,127.884,-275.8237
A116,30.0686,127.321,-274.6757
A117,41.9683,126.786,-273.6178
A118,53.8592,125.886,-271.8009
A119,65.5579,124.79,-269.6004
A120,77.292,123.691,-267.4234
B106,88.6769,122.054,-264.1202
B107,93.6179,111.574,-267.043
B108,98.4929,100.983,-269.791
B109,103.3651,90.373,-272.5508
B110,108.1553,79.493,-275.0024
B111,113.098,68.732,-277.8701
B112,117.6721,57.595,-279.7646
B113,121.7199,46.165,-280.4165
B114,125.8327,34.259,-280.9173
B115,130.2094,22.774,-282.2739
B116,134.0821,11.053,-282.4722
B117,137.6453,-0.758,-282.0116
B118,141.3374,-12.771,-281.7067
B119,144.455,-24.731,-280.3011
B120,146.486,-36.526,-276.8059
C106,148.2728,-48.176,-272.9384
C107,138.8274,-56.087,-274.5286
C108,129.3172,-63.869,-275.8513
C109,119.4525,-71.311,-276.1609
C110,109.2222,-78.439,-275.5017
C111,99.2184,-85.377,-274.8277
C112,89.7974,-92.73,-275.6488
C113,80.2674,-99.938,-276.1122
C114,70.2466,-107.226,-276.1238
C115,60.4645,-114.098,-275.7464
C116,50.5518,-120.774,-274.8951
C117,40.5378,-127.14,-273.406
C118,30.4094,-133.452,-271.7007
C119,20.3194,-139.542,-269.7
C120,10.1669,-145.429,-267.2951
D106,0,-151.021,-264.3911
D107,-10.1587,-145.311,-267.0798
D108,-20.337,-139.663,-269.933
D109,-30.4094,-133.452,-271.7007
D110,-40.5871,-127.295,-273.7387
D111,-50.5221,-120.704,-274.7339
D112,-60.4422,-114.056,-275.6443
D113,-70.2395,-107.215,-276.0958
D114,-80.2633,-99.933,-276.0982
D115,-89.8576,-92.793,-275.8337
D116,-99.2146,-85.374,-274.8174
D117,-108.3927,-77.843,-273.4094
D118,-117.5806,-70.193,-271.8332
D119,-126.4993,-62.478,-269.8404
D120,-135.0925,-54.578,-267.1428
E106,-143.4688,-46.615,-264.0953
E107,-141.4245,-35.264,-267.2413
E108,-138.9501,-23.788,-269.6195
E109,-136.3267,-12.318,-271.7195
E110,-133.5467,-0.735,-273.6141
E111,-130.3818,10.747,-274.6767
E112,-127.183,22.245,-275.7133
E113,-123.6648,33.668,-276.0776
E114,-119.8401,45.452,-276.0859
E115,-116.0316,56.792,-275.8644
E116,-111.8195,67.955,-274.7289
E117,-107.5539,79.051,-273.4734
E118,-103.1673,90.2,-272.0293
E119,-98.4162,100.905,-269.5809
E120,-93.6221,111.579,-267.0553
A106,-88.8095,122.236,-264.515
A122,-82.5749,130.94,-261.8781
A123,-71.0021,132.261,-264.5222
A124,-59.3743,133.491,-266.9819
A125,-47.6087,134.429,-268.8557
A126,-35.756,135.104,-270.2073
A127,-23.8809,135.701,-271.4008
A128,-11.9497,136.016,-272.0318
A129,0,136.055,-272.1094
A130,11.9552,136.078,-272.1561
A131,23.8754,135.67,-271.3387
A132,36.1385,136.549,-270.3646
A133,47.6357,134.505,-269.0079
A134,59.3413,133.417,-266.8337
A135,71.065,132.379,-264.7567
A136,82.5879,130.96,-261.9193
B121,93.9784,129.35,-258.7002
B122,99.1197,119.124,-262.1592
B123,104.0066,108.565,-264.929
B124,109.0657,98.13,-268.1027
B125,114.301,87.713,-271.6228
B126,119.0894,76.818,-273.9977
B127,123.2594,65.486,-274.9256
B128,128.1724,54.461,-277.4571
B129,132.0666,42.911,-277.726
B130,135.9845,31.343,-278.0284
B131,140.007,19.725,-278.4996
B132,144.0182,7.992,-278.8782
B133,147.448,-3.866,-278.0733
B134,150.8894,-15.802,-277.2424
B135,153.5713,-27.71,-274.984
B136,155.7812,-39.525,-271.8853
C121,156.8892,-50.976,-266.9158
C122,147.7322,-58.978,-269.098
C123,138.5004,-66.869,-271.0137
C124,128.83,-74.444,-271.9019
C125,118.6416,-81.533,-271.3961
C126,108.4722,-88.392,-270.5392
C127,99.0953,-95.759,-271.4352
C128,89.5883,-102.984,-271.9487
C129,80.0726,-110.21,-272.4552
C130,70.2714,-117.047,-271.9961
C131,60.4168,-123.767,-271.2849
C132,50.5266,-130.426,-270.4312
C133,40.5105,-136.779,-268.9361
C134,30.426,-142.88,-266.9545
C135,20.2984,-148.729,-264.5108
C136,10.1577,-154.441,-261.8318
D121,0,-159.941,-258.7898
D122,-10.162,-154.506,-261.9421
D123,-20.3021,-148.756,-264.5604
D124,-30.4462,-142.975,-267.1313
D125,-40.4787,-136.671,-268.7252
D126,-50.5491,-130.484,-270.552
D127,-60.4155,-123.765,-271.2789
D128,-70.2817,-117.065,-272.0362
D129,-80.0151,-110.131,-272.2595
D130,-89.5807,-102.975,-271.9257
D131,-99.0886,-95.752,-271.4168
D132,-108.4137,-88.345,-270.3933
D133,-117.4724,-80.73,-268.7216
D134,-126.4425,-73.064,-266.8631
D135,-135.3473,-65.346,-264.8437
D136,-143.8235,-57.417,-261.9783
E121,-152.0728,-49.411,-258.7217
E122,-150.0638,-38.075,-261.9066
E123,-147.8623,-26.68,-264.7614
E124,-145.2312,-15.209,-266.8461
E125,-142.6147,-3.74,-268.9581
E126,-139.5909,7.746,-270.305
E127,-136.3658,19.212,-271.2565
E128,-133.1622,30.692,-272.2581
E129,-129.4109,42.048,-272.1414
E130,-125.635,53.383,-271.9644
E131,-121.7572,64.688,-271.5748
E132,-117.4451,75.758,-270.2145
E133,-113.1223,86.808,-268.8218
E134,-108.6976,97.799,-267.1978
E135,-103.8469,108.398,-264.5222
E136,-99.0186,119.003,-261.8921
A121,-94.1264,129.554,-259.1077
A138,-88.8562,139.585,-255.283
A139,-77.3301,140.996,-258.1109
A140,-65.7596,142.413,-260.9145
A141,-54.0162,143.425,-262.9444
A142,-42.0326,144.187,-264.4654
A143,-30.179,144.878,-265.8385
A144,-18.2479,145.426,-266.912
A145,-6.2861,145.48,-267.0448
A146,6.2891,145.55,-267.1745
A147,18.2416,145.375,-266.8195
A148,30.1686,144.828,-265.7476
A149,42.0856,144.368,-264.7985
A150,53.9876,143.349,-262.8049
A151,65.7193,142.326,-260.7546
A152,77.4282,141.175,-258.4385
A153,88.8198,139.528,-255.1783
B137,99.2024,136.541,-253.0665
B138,105.3946,127.762,-255.524
B139,110.6713,117.618,-259.2185
B140,116.0552,107.413,-263.0295
B141,121.0525,96.764,-265.8849
B142,126.5225,86.154,-269.5413
B143,131.3984,75.152,-271.9175
B144,135.8336,63.78,-273.2784
B145,139.6595,52.146,-273.3932
B146,143.884,39.973,-273.8635
B147,148.0183,28.365,-274.4609
B148,151.5295,16.55,-273.8202
B149,155.6342,4.75,-274.1843
B150,159.3272,-7.338,-273.6437
B151,162.2949,-19.31,-271.8547
B152,164.2294,-31.158,-268.3025
B153,166.1139,-42.897,-264.6882
C137,165.7324,-53.85,-261.2957
C138,158.1554,-62.363,-262.2867
C139,148.654,-70.132,-263.8211
C140,139.5113,-78.017,-265.874
C141,130.0265,-85.615,-267.1002
C142,120.2269,-93.081,-267.7426
C143,110.579,-100.383,-268.2812
C144,100.2699,-106.955,-266.9861
C145,90.6293,-114.041,-267.1424
C146,80.4549,-121.435,-267.1439
C147,70.7415,-128.423,-267.0074
C148,60.7512,-134.968,-265.881
C149,50.7483,-141.363,-264.4817
C150,40.6006,-147.773,-262.927
C151,30.5191,-153.925,-261.0124
C152,20.3314,-159.659,-258.3343
C153,10.1655,-165.247,-255.4257
D137,0,-168.862,-253.2012
D138,-10.1589,-165.14,-255.2601
D139,-20.3217,-159.582,-258.2111
D140,-30.4884,-153.769,-260.7492
D141,-40.6077,-147.799,-262.9728
D142,-50.7476,-141.361,-264.478
D143,-60.786,-135.045,-266.0332
D144,-70.6584,-128.272,-266.6938
D145,-80.4493,-121.427,-267.1252
D146,-90.7039,-114.135,-267.3624
D147,-100.1414,-106.818,-266.644
D148,-109.556,-99.455,-265.7992
D149,-118.9235,-92.072,-264.84
D150,-127.9632,-84.257,-262.8618
D151,-136.7663,-76.482,-260.6426
D152,-145.5163,-68.652,-258.2525
D153,-154.0008,-60.725,-255.3966
E137,-160.6445,-52.196,-253.274
E138,-160.1791,-41.364,-255.2316
E139,-158.178,-30.01,-258.4162
E140,-154.717,-18.408,-262.7218
E141,-153.0148,-7.047,-262.8022
E142,-150.3416,4.588,-264.8601
E143,-147.0954,16.066,-265.8086
E144,-143.8099,27.558,-266.6575
E145,-140.4706,39.024,-267.3666
E146,-136.4278,50.939,-267.067
E147,-132.5688,62.247,-266.71
E148,-128.5535,73.525,-266.0304
E149,-124.1389,84.531,-264.4632
E150,-119.7075,95.689,-262.9306
E151,-115.0824,106.513,-260.8248
E152,-110.2014,117.119,-258.118
E153,-105.2665,127.607,-255.2134
A137,-99.3043,136.681,-253.3264
A155,-93.9822,146.636,-249.3757
A156,-83.5179,149.476,-251.2414
A157,-71.9946,150.96,-254.1357
A158,-60.3451,152.212,-256.6397
A159,-48.3873,153.04,-258.29
A160,-36.4385,153.877,-259.956
A161,-24.5337,154.508,-261.1532
A162,-12.5598,154.666,-261.5505
A163,0,154.884,-261.9184
A164,12.5708,154.801,-261.7804
A165,24.5102,154.36,-260.9032
A166,36.4496,153.923,-260.0351
A167,48.4185,153.138,-258.4565
A168,60.2761,152.038,-256.3461
A169,72.0195,151.013,-254.2235
A170,83.5598,149.551,-251.3673
A171,93.934,146.561,-249.2478
B154,104.3498,143.626,-247.2224
B155,110.6711,135.006,-249.95
B156,117.3995,126.753,-253.5052
B157,122.8548,116.573,-257.3428
B158,128.3552,106.283,-261.1994
B159,133.5133,95.395,-264.0587
B160,138.7187,84.418,-266.9492
B161,142.7383,72.8,-267.4765
B162,147.1998,61.402,-268.829
B163,151.2872,49.156,-269.0036
B164,155.7994,36.995,-269.9053
B165,159.4986,25.199,-269.5562
B166,163.5223,13.379,-269.7161
B167,167.0565,1.325,-268.8386
B168,170.6354,-10.813,-267.9875
B169,173.3372,-22.811,-265.6585
B170,175.3613,-34.703,-262.3
B171,174.9297,-45.75,-258.89
C154,175.0683,-56.883,-256.3397
C155,167.2427,-65.35,-257.0913
C156,159.4225,-73.684,-257.7001
C157,149.9775,-81.441,-259.3241
C158,140.6344,-89.16,-260.9939
C159,130.9874,-96.763,-262.0653
C160,121.1548,-104.127,-262.621
C161,111.5618,-111.474,-263.2689
C162,101.4354,-118.168,-262.4931
C163,91.0977,-125.385,-262.0903
C164,80.7909,-132.578,-261.6861
C165,70.9632,-139.408,-261.1318
C166,61.0034,-145.993,-260.1124
C167,50.8274,-152.31,-258.3882
C168,40.6335,-158.556,-256.55
C169,30.4939,-164.483,-254.1928
C170,20.2988,-170.076,-251.326
C171,10.1613,-173.942,-249.4764
D154,0,-177.325,-246.9371
D155,-10.0921,-172.757,-250.2218
D156,-20.3023,-170.105,-251.3693
D157,-30.4933,-164.479,-254.1873
D158,-40.6066,-158.451,-256.3798
D159,-50.8464,-152.367,-258.4849
D160,-60.9409,-145.844,-259.8459
D161,-71.0095,-139.499,-261.3021
D162,-80.7601,-132.53,-261.5909
D163,-91.009,-125.263,-261.8351
D164,-101.211,-117.907,-261.9123
D165,-110.5623,-110.475,-260.91
D166,-119.8867,-103.037,-259.8722
D167,-129.2483,-95.478,-258.5858
D168,-138.2506,-87.648,-256.5701
D169,-146.9927,-79.82,-254.1633
D170,-155.4786,-71.861,-251.3249
D171,-162.4424,-63.474,-249.7122
E154,-168.7545,-54.831,-247.0949
E155,-168.6105,-44.098,-249.5378
E156,-168.244,-33.294,-251.6543
E157,-165.9164,-21.834,-254.2854
E158,-163.4011,-10.354,-256.6259
E159,-160.5995,1.274,-258.4476
E160,-157.6213,12.897,-259.9829
E161,-154.3677,24.388,-260.8849
E162,-151.1195,35.883,-261.7978
E163,-147.29,47.858,-261.8963
E164,-143.219,59.742,-261.559
E165,-139.3995,71.097,-261.2199
E166,-135.066,82.195,-259.9199
E167,-130.5983,93.312,-258.2935
E168,-126.0599,104.383,-256.5287
E169,-121.3877,115.181,-254.2698
E170,-116.3545,125.625,-251.2486
E171,-110.3939,134.668,-249.3237
A154,-104.3991,143.694,-247.3391
A173,-99.0013,153.537,-243.1671
A174,-88.5692,156.435,-245.1445
A175,-78.1426,159.299,-247.088
A176,-66.5618,160.714,-249.8482
A177,-54.6601,161.667,-251.67
A178,-42.7266,162.561,-253.43
A179,-30.7936,163.396,-255.13
A180,-18.816,163.639,-255.6962
A181,-6.285,163.907,-256.082
A182,6.2943,164.15,-256.461
A183,18.814,163.621,-255.6685
A184,30.7516,163.173,-254.7821
A185,42.7942,162.819,-253.8313
A186,54.6588,161.662,-251.6637
A187,66.4977,160.559,-249.6074
A188,78.203,159.422,-247.2789
A189,88.5753,156.446,-245.1614
A190,98.983,153.508,-243.1222
B172,109.3863,150.558,-241.0927
B173,116.0727,142.392,-244.5244
B174,123.1175,134.441,-248.594
B175,129.5177,125.643,-251.2854
B176,134.9519,115.251,-254.897
B177,139.9876,104.271,-257.4159
B178,145.8604,93.736,-261.4224
B179,150.1796,82.129,-262.6457
B180,154.5365,70.62,-263.755
B181,158.9006,58.451,-264.3295
B182,162.6643,46.042,-263.9308
B183,166.5715,33.71,-263.8174
B184,170.8127,21.964,-264.2562
B185,174.8345,10.001,-264.0425
B186,177.886,-2.113,-262.3496
B187,181.3495,-14.265,-261.2779
B188,184.4877,-26.354,-259.5215
B189,184.3899,-37.572,-256.6149
B190,184.3535,-48.757,-253.8223
C172,183.1195,-59.498,-249.4411
C173,175.6225,-68.069,-250.7082
C174,167.8321,-76.424,-251.4797
C175,160.5029,-84.874,-252.8394
C176,151.1553,-92.636,-254.6334
C177,141.9768,-100.597,-256.6054
C178,132.2276,-108.126,-257.5404
C179,122.4293,-115.48,-258.2425
C180,112.2697,-122.266,-257.6766
C181,102.0052,-129.644,-257.5422
C182,91.4045,-136.517,-256.4948
C183,81.0685,-143.635,-256.0335
C184,71.0273,-150.074,-254.7663
C185,60.978,-156.612,-253.4039
C186,50.8228,-162.979,-251.7628
C187,40.5689,-168.95,-249.5625
C188,30.3985,-174.714,-246.959
C189,20.3208,-178.834,-245.4408
C190,10.1597,-182.533,-243.3391
D172,0,-185.754,-240.6464
D173,-10.1539,-182.429,-243.1996
D174,-20.3307,-178.921,-245.5601
D175,-30.41,-174.78,-247.0521
D176,-40.5595,-168.911,-249.5046
D177,-50.7986,-162.901,-251.6429
D178,-61.0275,-156.739,-253.6099
D179,-71.0295,-150.079,-254.7742
D180,-80.9832,-143.484,-255.7641
D181,-91.3929,-136.5,-256.4621
D182,-101.4629,-128.955,-256.1731
D183,-111.4566,-121.381,-255.8106
D184,-120.8647,-114.005,-254.9423
D185,-130.1854,-106.456,-253.5628
D186,-139.2323,-98.652,-251.6452
D187,-148.2257,-90.841,-249.6983
D188,-156.7655,-82.898,-246.9519
D189,-163.7651,-74.572,-245.3857
D190,-170.8626,-66.224,-243.9132
E172,-178.7406,-58.076,-243.4763
E173,-178.0888,-47.1,-245.1968
E174,-177.059,-36.078,-246.4124
E175,-175.8332,-25.118,-247.3471
E176,-173.322,-13.633,-249.7123
E177,-170.8215,-2.029,-251.9307
E178,-168.0414,9.612,-253.783
E179,-164.7695,21.187,-254.907
E180,-161.407,32.664,-255.6379
E181,-157.8853,44.69,-256.1766
E182,-154.186,56.717,-256.4868
E183,-149.9705,68.534,-255.9619
E184,-145.9148,79.797,-255.187
E185,-141.4431,90.897,-253.5053
E186,-136.883,101.958,-251.707
E187,-132.255,112.947,-249.8031
E188,-127.3914,123.581,-247.16
E189,-121.4108,132.577,-245.1477
E190,-115.4058,141.574,-243.1193
A172,-109.3475,150.504,-241.0071
A192,-103.9053,160.287,-236.7447
A193,-93.5135,163.207,-238.7576
A194,-83.1212,166.118,-240.7589
A195,-72.6797,168.975,-242.6768
A196,-60.8073,170,-244.6262
A197,-48.9522,171.02,-246.5679
A198,-37.0629,171.97,-248.4083
A199,-25.0418,172.336,-249.4061
A200,-12.5252,172.689,-249.9179
A201,0,173.044,-250.4322
A202,12.5309,172.768,-250.0316
A203,25.0288,172.246,-249.2769
A204,37.0611,171.962,-248.3967
A205,48.9672,171.073,-246.6434
A206,60.8038,169.99,-244.6119
A207,72.6535,168.914,-242.5894
A208,83.1425,166.161,-240.8208
A209,93.5163,163.212,-238.7648
A210,103.8958,160.273,-236.7232
B191,114.2042,157.19,-234.4728
B192,121.1672,149.379,-238.3856
B193,128.1972,141.441,-242.3031
B194,134.0845,132.143,-244.0035
B195,141.0774,123.825,-247.6491
B196,146.6854,113.297,-251.1266
B197,151.721,102.234,-253.5857
B198,156.5759,90.992,-255.7193
B199,161.3997,79.656,-257.7706
B200,165.9114,67.534,-258.5592
B201,169.6851,55.134,-258.2081
B202,173.7393,42.841,-258.2904
B203,178.2043,30.565,-258.9461
B204,182.4928,18.658,-259.036
B205,185.9899,6.582,-257.9597
B206,189.6686,-5.568,-257.0956
B207,193.2204,-17.834,-256.0016
B208,194.1235,-29.296,-254.4571
B209,194.0334,-40.576,-251.6186
B210,193.1932,-51.596,-247.8323
C191,192.326,-62.49,-244.0398
C192,183.9754,-70.794,-244.3144
C193,176.6595,-79.35,-245.8196
C194,169.0894,-87.713,-246.8936
C195,161.8464,-96.198,-248.3964
C196,152.5788,-104.153,-250.3047
C197,142.852,-111.716,-251.3646
C198,133.4446,-119.471,-252.9175
C199,123.2999,-126.492,-252.9854
C200,112.9375,-133.887,-252.8288
C201,102.6282,-141.255,-252.6858
C202,91.8203,-147.793,-251.1472
C203,81.106,-154.272,-249.6187
C204,71.0489,-160.803,-248.2417
C205,60.9683,-167.265,-246.7649
C206,50.7932,-173.493,-244.9358
C207,40.4506,-179.109,-242.2521
C208,30.4101,-183.339,-240.8773
C209,20.2949,-187.172,-238.9754
C210,10.1442,-190.582,-236.538
D191,0,-193.931,-234.0324
D192,-10.165,-190.973,-237.0234
D193,-20.29,-187.127,-238.9171
D194,-30.3835,-183.179,-240.6666
D195,-40.4617,-179.158,-242.3184
D196,-50.751,-173.349,-244.732
D197,-60.992,-167.33,-246.8606
D198,-71.0169,-160.731,-248.1299
D199,-81.014,-154.097,-249.3356
D200,-91.522,-147.313,-250.3313
D201,-101.6292,-139.88,-250.2261
D202,-111.673,-132.388,-249.998
D203,-121.6963,-124.847,-249.6951
D204,-130.9235,-117.214,-248.1394
D205,-140.1621,-109.612,-246.6315
D206,-149.3312,-101.936,-244.9771
D207,-157.8548,-93.825,-242.2703
D208,-165.0311,-85.608,-240.9679
D209,-172.4655,-77.466,-239.9838
D210,-179.8873,-69.221,-238.8855
E191,-187.7216,-60.994,-238.1974
E192,-187.4992,-50.075,-240.5278
E193,-186.3478,-38.97,-241.652
E194,-184.9952,-27.919,-242.4917
E195,-183.0303,-16.894,-242.5005
E196,-180.5129,-5.299,-244.6849
E197,-177.7611,6.291,-246.5467
E198,-174.8409,17.876,-248.1747
E199,-171.7738,29.462,-249.602
E200,-168.7019,41.598,-250.8015
E201,-165.7627,53.86,-252.2394
E202,-161.89,65.897,-252.2921
E203,-157.4158,77.69,-251.4079
E204,-152.6708,88.723,-249.3415
E205,-147.7734,99.574,-246.9876
E206,-143.0505,110.489,-244.9034
E207,-138.2249,121.321,-242.6417
E208,-132.4567,130.539,-241.0412
E209,-126.5361,139.608,-239.1634
E210,-120.4421,148.485,-236.959
A191,-114.2154,157.206,-234.498
A212,-108.9605,167.26,-230.4292
A213,-98.5291,170.161,-232.4348
A214,-88.0397,172.97,-234.2994
A215,-77.5764,175.791,-236.157
A216,-66.9348,177.989,-237.3206
A217,-55.0921,179.068,-239.3545
A218,-43.2062,180.135,-241.3441
A219,-31.2316,180.774,-242.7351
A220,-18.8058,181.305,-243.2664
A221,-6.2878,181.743,-243.8837
A222,6.289,181.779,-243.9314
A223,18.8057,181.305,-243.2654
A224,31.2233,180.726,-242.6707
A225,43.2211,180.197,-241.4278
A226,55.0944,179.075,-239.3642
A227,66.9317,177.981,-237.3098
A228,77.5859,175.813,-236.1857
A229,87.9507,172.795,-234.0624
A230,98.3771,169.898,-232.0764
A231,108.7713,166.967,-230.0269
B211,118.9035,163.657,-227.612
B212,125.4137,155.33,-230.4505
B213,132.0948,147.08,-233.6909
B214,138.7929,138.675,-236.8505
B215,145.6988,130.325,-240.2535
B216,152.4096,121.709,-243.4156
B217,158.0145,111.06,-246.7499
B218,163.0687,99.882,-249.14
B219,167.8943,88.529,-251.141
B220,172.9137,76.704,-252.4549
B221,177.1455,64.411,-252.7905
B222,181.0772,51.986,-252.6561
B223,185.1305,39.616,-252.6667
B224,190.0495,27.38,-254.0614
B225,193.2229,15.248,-252.5233
B226,197.3431,3.097,-252.1518
B227,201.0456,-9.162,-251.1683
B228,202.8374,-20.645,-250.584
B229,203.6603,-32.167,-248.9051
B230,203.4923,-43.522,-245.9897
B231,202.7211,-54.63,-242.357
C211,201.9664,-65.622,-238.9417
C212,193.5681,-73.985,-239.2079
C213,185.6179,-82.361,-240.0502
C214,178.3364,-90.962,-241.674
C215,171.091,-99.529,-243.2709
C216,163.8072,-107.972,-244.8492
C217,153.5108,-115.254,-245.2451
C218,144.0672,-123.097,-246.8838
C219,134.8875,-131.163,-248.9447
C220,124.5996,-138.762,-248.8933
C221,113.8587,-145.829,-248.1254
C222,103.4224,-153.223,-247.9207
C223,92.2155,-159.219,-245.5598
C224,81.1483,-164.929,-243.2123
C225,70.9805,-171.259,-241.5309
C226,60.7771,-177.526,-239.7274
C227,50.4417,-183.244,-237.1981
C228,40.5099,-187.553,-235.8273
C229,30.4177,-191.522,-234.1023
C230,20.2967,-195.487,-232.3286
C231,10.1433,-199.018,-230.0323
D211,0,-201.965,-227.2457
D212,-10.1296,-198.75,-229.7228
D213,-20.3005,-195.523,-232.3722
D214,-30.432,-191.613,-234.2129
D215,-40.5244,-187.62,-235.9116
D216,-50.5253,-183.547,-237.5912
D217,-60.7118,-177.336,-239.4699
D218,-70.8588,-170.966,-241.1169
D219,-81.0045,-164.637,-242.7811
D220,-91.4688,-157.93,-243.5714
D221,-101.7196,-150.7,-243.8383
D222,-111.8293,-143.23,-243.7029
D223,-121.926,-135.784,-243.5526
D224,-131.3994,-127.771,-242.5071
D225,-140.7963,-120.303,-241.2786
D226,-149.9671,-112.593,-239.5836
D227,-158.6937,-104.602,-237.2058
D228,-165.9839,-96.558,-236.0092
D229,-173.6864,-88.59,-235.3725
D230,-181.5084,-80.537,-234.7355
D231,-188.7434,-72.141,-233.2457
E211,-196.7448,-63.925,-232.7641
E212,-196.6483,-52.994,-235.0967
E213,-196.0573,-41.932,-237.002
E214,-194.7443,-30.759,-238.0083
E215,-192.6338,-19.607,-237.9785
E216,-190.3598,-8.675,-237.8184
E217,-187.8744,2.949,-240.0533
E218,-185.3263,14.625,-242.2032
E219,-182.7498,26.328,-244.3031
E220,-180.7247,38.673,-246.6537
E221,-177.878,51.068,-248.1921
E222,-174.0183,63.274,-248.3277
E223,-169.3862,75.139,-247.3048
E224,-164.3219,86.645,-245.7973
E225,-159.4043,97.637,-243.5415
E226,-154.1271,108.327,-240.6795
E227,-149.1292,119.089,-238.1765
E228,-143.5307,128.385,-236.6783
E229,-137.5652,137.449,-234.7555
E230,-132.1298,147.119,-233.7527
E231,-126.122,156.207,-231.7519
A211,-119.8801,165.003,-229.4835
A233,-114.6497,175.248,-225.4846
A234,-103.8428,177.617,-226.685
A235,-92.9759,179.811,-227.7693
A236,-82.3514,182.335,-229.2815
A237,-71.7951,184.725,-230.7014
A238,-61.1428,186.83,-231.7677
A239,-49.3134,188.053,-233.936
A240,-37.3897,189.003,-235.7661
A241,-24.9633,189.552,-236.3352
A242,-12.5562,190.104,-236.9068
A243,0,190.607,-237.534
A244,12.5566,190.11,-236.9146
A245,24.9623,189.545,-236.3262
A246,37.385,188.979,-235.7366
A247,49.2813,187.931,-233.784
A248,61.1512,186.855,-231.7994
A249,71.8342,184.825,-230.8271
A250,82.3392,182.308,-229.2475
A251,92.8561,179.579,-227.4758
A252,103.2889,176.67,-225.4758
A253,113.3257,173.225,-222.8814
B232,123.3817,169.821,-220.3379
B233,129.5889,161.138,-222.6446
B234,136.0652,152.784,-225.4113
B235,143.5226,145.249,-229.7605
B236,150.5846,137.053,-233.3451
B237,156.7587,128.028,-235.603
B238,164.119,119.772,-239.5435
B239,169.7411,108.947,-242.7026
B240,174.6435,97.566,-244.8009
B241,179.6545,85.701,-246.0509
B242,183.8953,73.475,-246.2486
B243,188.0148,61.09,-246.3619
B244,191.8958,48.633,-246.1644
B245,196.2618,36.367,-246.736
B246,199.6548,23.842,-246.055
B247,202.1874,11.68,-243.6992
B248,208.0265,-0.44,-245.2634
B249,210.1795,-11.894,-245.0543
B250,211.5395,-23.378,-243.903
B251,212.0161,-34.88,-241.7668
B252,212.282,-46.333,-239.3938
B253,211.8541,-57.532,-236.3684
C232,210.6841,-68.455,-232.5319
C233,203.1307,-77.189,-233.973
C234,195.1982,-85.635,-234.8511
C235,187.4826,-94.12,-236.0455
C236,180.2229,-102.77,-237.7588
C237,173.0728,-111.37,-239.576
C238,164.9171,-119.286,-239.9682
C239,155.2987,-127.137,-241.5077
C240,145.5365,-134.815,-242.763
C241,135.796,-143.086,-243.8492
C242,125.64,-150.911,-244.1791
C243,115.0478,-158.35,-243.9202
C244,103.9339,-164.909,-242.3924
C245,92.513,-170.405,-239.6848
C246,81.3988,-176.083,-237.3841
C247,70.8324,-181.618,-234.576
C248,60.4695,-187.457,-232.2259
C249,50.5581,-191.885,-230.9904
C250,40.5039,-195.695,-229.0224
C251,30.4032,-199.675,-227.2636
C252,20.2617,-203.445,-225.2606
C253,10.1244,-206.507,-222.6173
D232,0,-209.893,-220.3215
D233,-10.1434,-206.896,-223.0366
D234,-20.2613,-203.441,-225.2562
D235,-30.4224,-199.801,-227.4068
D236,-40.4999,-195.676,-229.0002
D237,-50.4591,-191.509,-230.5379
D238,-60.4298,-187.334,-232.0733
D239,-70.6134,-181.057,-233.8508
D240,-80.7893,-174.765,-235.6067
D241,-91.2834,-168.14,-236.499
D242,-101.5596,-161.142,-236.8552
D243,-111.8952,-154.011,-237.2362
D244,-122.0077,-146.548,-237.1198
D245,-131.5928,-138.657,-236.3015
D246,-141.1928,-130.791,-235.5175
D247,-150.4874,-123.198,-234.0255
D248,-159.3272,-115.242,-231.8344
D249,-166.7842,-107.323,-230.871
D250,-174.7522,-99.651,-230.5416
D251,-182.7642,-91.751,-230.105
D252,-190.8199,-83.714,-229.5833
D253,-198.2313,-75.328,-228.3297
E232,-205.398,-66.737,-226.6977
E233,-205.8384,-55.899,-229.6566
E234,-205.23,-44.794,-231.4411
E235,-204.2165,-33.596,-232.8727
E236,-202.6222,-22.392,-233.6214
E237,-200.5798,-11.351,-233.8618
E238,-199.0054,-0.421,-234.6275
E239,-196.2807,11.339,-236.5798
E240,-194.2036,23.191,-239.337
E241,-192.3592,35.643,-241.8296
E242,-189.6134,48.055,-243.2366
E243,-186.1896,60.497,-243.9704
E244,-181.6862,72.592,-243.2905
E245,-176.7197,84.301,-242.0315
E246,-171.2175,95.652,-239.9986
E247,-166.1515,106.643,-237.57
E248,-161.1091,117.575,-235.1504
E249,-155.1029,126.676,-233.1144
E250,-149.3671,135.945,-231.4585
E251,-143.496,145.222,-229.7178
E252,-137.6342,154.546,-228.0105
E253,-131.5027,163.518,-225.9327
A232,-125.3331,172.507,-223.8228
A255,-119.9484,182.647,-219.4978
A256,-109.2942,185.419,-221.2561
A257,-98.6035,187.943,-222.7459
A258,-87.9493,190.661,-224.5024
A259,-77.289,193.049,-225.8815
A260,-66.5086,195.11,-226.9031
A261,-55.448,196.021,-226.6157
A262,-43.4505,196.73,-228.1648
A263,-31.1257,197.804,-229.3264
A264,-18.698,198.381,-229.9406
A265,-6.291,198.801,-230.3987
A266,6.2887,198.727,-230.3126
A267,18.6973,198.374,-229.9319
A268,31.0723,197.465,-228.933
A269,43.4392,196.679,-228.1053
A270,55.479,196.131,-226.7427
A271,66.1852,194.162,-225.8005
A272,76.7749,191.765,-224.3788
A273,87.1172,188.857,-222.3785
A274,97.5901,186.012,-220.4566
A275,107.7889,182.866,-218.2088
A276,117.8916,179.515,-215.7341
B254,127.8213,175.932,-213.0008
B255,134.3227,167.625,-215.7736
B256,140.7459,159.18,-218.4252
B257,148.369,151.952,-222.8882
B258,155.094,143.434,-225.8751
B259,161.8034,134.902,-228.8328
B260,169.6565,127.027,-233.2956
B261,176.1139,117.874,-235.747
B262,181.5519,106.749,-238.5136
B263,186.578,94.831,-239.6988
B264,190.8621,82.532,-239.9588
B265,195.2926,70.358,-240.4535
B266,198.8452,57.723,-239.8442
B267,202.7733,45.384,-239.7835
B268,206.4426,32.91,-239.4179
B269,209.8222,20.372,-238.7394
B270,213.0415,8.205,-237.1698
B271,215.6596,-3.098,-237.4134
B272,218.2349,-14.568,-237.5859
B273,219.6791,-26.052,-236.5315
B274,219.9994,-37.54,-234.2282
B275,221.1138,-49.088,-232.8353
B276,220.8726,-60.398,-230.0151
C254,219.8076,-71.419,-226.3773
C255,212.0118,-80.138,-227.6749
C256,204.4078,-88.807,-229.1023
C257,196.425,-97.149,-229.9853
C258,189.3779,-105.999,-232.0476
C259,182.5423,-114.868,-234.2789
C260,174.7574,-123.171,-235.3448
C261,166.572,-131.104,-235.8114
C262,156.7184,-138.874,-237.1395
C263,147.057,-147.352,-238.4211
C264,137.2333,-155.746,-239.5422
C265,126.816,-163.416,-239.609
C266,116.022,-170.801,-239.1801
C267,104.8597,-177.197,-237.602
C268,93.0908,-182.248,-234.3763
C269,81.5576,-187.163,-231.2114
C270,70.7517,-192.24,-227.878
C271,60.4869,-195.68,-225.4532
C272,50.5225,-199.945,-224.0168
C273,40.5142,-203.924,-222.3024
C274,30.3596,-207.689,-220.2888
C275,20.2486,-210.946,-217.8459
C276,10.1355,-214.436,-215.6442
D254,0,-217.118,-212.6634
D255,-10.1225,-214.161,-215.3673
D256,-20.2469,-210.928,-217.8271
D257,-30.3402,-207.557,-220.148
D258,-40.4781,-203.742,-222.1039
D259,-50.5241,-199.951,-224.0237
D260,-60.3993,-195.397,-225.127
D261,-70.1817,-190.691,-226.0422
D262,-80.3578,-184.41,-227.81
D263,-90.958,-178.073,-229.0065
D264,-101.571,-171.64,-230.1501
D265,-111.7287,-164.481,-230.3294
D266,-121.9116,-157.096,-230.3425
D267,-131.8375,-149.622,-230.1238
D268,-141.4914,-141.775,-229.3977
D269,-150.714,-133.553,-228.0539
D270,-159.8812,-125.838,-226.3394
D271,-167.3563,-117.955,-225.3778
D272,-174.9971,-110.12,-224.5953
D273,-183.4955,-102.707,-224.8399
D274,-191.7012,-94.813,-224.4544
D275,-199.4662,-86.66,-223.5637
D276,-206.8991,-78.205,-222.1845
E254,-213.4814,-69.364,-219.862
E255,-213.1971,-58.3,-222.022
E256,-213.3519,-47.365,-224.662
E257,-212.7946,-36.311,-226.5574
E258,-212.2484,-25.171,-228.5308
E259,-210.812,-14.072,-229.5047
E260,-209.076,-3.003,-230.1657
E261,-207.7514,8.001,-231.2805
E262,-205.0765,19.911,-233.3396
E263,-203.1688,32.388,-235.6212
E264,-200.0654,44.778,-236.5814
E265,-196.6939,57.098,-237.2493
E266,-192.921,69.504,-237.5334
E267,-188.3628,81.451,-236.8166
E268,-183.2712,93.15,-235.4502
E269,-177.6675,104.465,-233.4105
E270,-172.7802,115.643,-231.2844
E271,-167.0102,125.045,-229.6567
E272,-161.279,134.465,-228.0911
E273,-155.2901,143.615,-226.1608
E274,-149.3443,152.951,-224.3533
E275,-143.4326,162.218,-222.5947
E276,-137.287,171.325,-220.5354
A254,-130.6263,179.793,-217.6751
A278,-125.532,190.498,-213.8372
A279,-114.8273,193.335,-215.6992
A280,-104.1233,196.041,-217.4241
A281,-93.7162,199.269,-219.7297
A282,-83.1701,202.262,-221.7734
A283,-72.092,203.875,-222.3065
A284,-61.1455,205.648,-223.0228
A285,-50.0601,206.706,-222.9711
A286,-37.4026,206.731,-222.9978
A287,-24.8219,206.367,-222.6053
A288,-12.4111,206.712,-222.9784
A289,0,206.72,-222.9853
A290,12.415,206.778,-223.049
A291,24.7945,206.139,-222.3593
A292,37.3114,206.227,-222.4543
A293,49.7691,205.505,-221.6749
A294,60.6104,203.848,-221.071
A295,71.1542,201.223,-219.4149
A296,81.4748,198.14,-217.253
A297,91.9985,195.617,-215.7024
A298,102.3009,192.61,-213.6189
A299,112.6899,189.736,-211.6841
A300,121.9964,185.133,-207.8146
B277,132.0839,181.798,-205.3638
B278,138.5734,173.487,-208.1169
B279,146.225,166.489,-212.555
B280,150.9927,156.217,-212.8053
B281,156.7581,147.142,-214.5319
B282,167.4182,142.245,-222.7798
B283,174.2419,133.576,-225.7044
B284,183.0125,126.058,-227.0601
B285,190.6153,117.331,-228.4534
B286,196.5868,105.654,-229.5662
B287,198.3785,91.911,-230.4218
B288,202.2952,79.425,-230.9218
B289,205.8388,66.881,-233.4626
B290,210.1524,54.601,-233.7941
B291,214.3845,42.221,-234.0097
B292,217.6829,29.605,-233.188
B293,220.7655,16.934,-232.1266
B294,223.0866,5.613,-231.9747
B295,225.9521,-5.814,-232.362
B296,228.0635,-17.357,-231.9431
B297,228.7493,-28.847,-230.0621
B298,229.7784,-40.409,-228.5197
B299,229.7859,-51.815,-225.956
B300,229.8179,-63.232,-223.4153
C277,228.7399,-74.322,-219.8002
C278,221.2524,-83.235,-221.5717
C279,213.8539,-92.067,-223.3415
C280,206.5518,-100.857,-225.1464
C281,199.4668,-109.713,-227.1564
C282,192.0543,-118.372,-228.7796
C283,184.3943,-126.854,-230.0881
C284,176.7802,-135.36,-231.4488
C285,168.1349,-143.023,-231.4178
C286,158.6571,-151.852,-233.1135
C287,148.9324,-160.502,-234.4958
C288,138.7934,-168.753,-235.2681
C289,127.9033,-176.044,-234.7252
C290,116.9658,-183.146,-233.9892
C291,105.3995,-189.044,-231.8021
C292,93.3489,-193.577,-228.1179
C293,81.7141,-198.389,-224.9397
C294,71.2514,-201.866,-222.5306
C295,60.9025,-205.262,-220.1076
C296,50.5267,-208.095,-217.1566
C297,40.396,-211.515,-214.8717
C298,30.3247,-215.067,-212.7402
C299,20.2481,-218.576,-210.5667
C300,10.1222,-221.514,-207.8443
D277,0,-224.252,-204.9414
D278,-10.1255,-221.586,-207.9121
D279,-20.2384,-218.471,-210.4655
D280,-30.368,-215.374,-213.0441
D281,-40.3709,-211.383,-214.7381
D282,-50.3381,-207.318,-216.3463
D283,-60.2714,-203.135,-217.8267
D284,-70.2042,-198.899,-219.2601
D285,-80.0035,-194.236,-220.2307
D286,-90.7651,-188.219,-221.8038
D287,-101.3309,-181.747,-222.8541
D288,-111.9547,-175.3,-223.9646
D289,-122.1851,-168.173,-224.2311
D290,-132.4589,-161.051,-224.5305
D291,-141.9884,-153.019,-223.5624
D292,-151.232,-144.746,-222.2037
D293,-160.4888,-136.519,-220.8938
D294,-168.678,-129.156,-220.841
D295,-176.1351,-121.172,-219.7822
D296,-184.7188,-113.851,-220.0414
D297,-192.5823,-105.927,-219.3163
D298,-200.447,-97.876,-218.4919
D299,-207.9174,-89.511,-217.1416
D300,-215.112,-80.925,-215.4225
E277,-221.3925,-71.934,-212.74
E278,-221.3316,-60.897,-215.1654
E279,-221.0694,-49.85,-217.3847
E280,-220.974,-38.861,-219.7635
E281,-221.6572,-27.953,-222.9292
E282,-220.6471,-16.793,-224.4006
E283,-219.2813,-5.643,-225.5019
E284,-217.5234,5.473,-226.1899
E285,-215.7716,16.551,-226.8757
E286,-212.8532,28.948,-228.0143
E287,-210.2492,41.407,-229.4959
E288,-206.3737,53.619,-229.5903
E289,-203.8157,66.224,-231.168
E290,-199.6781,78.398,-230.9812
E291,-195.0049,90.348,-230.1701
E292,-189.5339,101.863,-228.3961
E293,-184.0588,113.295,-226.5899
E294,-178.5429,122.98,-225.3646
E295,-173.1687,132.753,-224.3143
E296,-167.4623,142.282,-222.8384
E297,-161.4082,151.507,-220.8959
E298,-155.2998,160.673,-218.8756
E299,-149.2027,169.879,-216.8832
E300,-142.875,178.872,-214.5772
A277,-136.2457,187.527,-211.8346
A302,-131.7374,199.128,-208.081
A303,-120.9753,202.145,-210.1781
A304,-110.0511,204.803,-211.8916
A305,-99.6578,208.372,-214.5278
A306,-89.2452,212.371,-217.5937
A307,-78.1383,214.498,-218.704
A308,-66.693,215.491,-218.6525
A309,-55.3093,216.12,-218.2224
A310,-44.3216,216.577,-218.1561
A311,-31.5975,216.654,-218.3087
A312,-18.8908,216.209,-217.9092
A313,-6.3384,216.22,-217.9453
A314,6.3293,215.909,-217.6322
A315,18.8906,216.207,-217.9071
A316,31.465,215.745,-217.3927
A317,44.0944,215.467,-217.038
A318,54.722,213.825,-215.9049
A319,65.4633,211.518,-214.6209
A320,75.8517,208.221,-212.3038
A321,86.3966,205.593,-210.6485
A322,96.7585,202.31,-208.2865
A323,106.8269,198.802,-205.6837
A324,117.0641,195.61,-203.383
A325,127.136,192.173,-200.8131
B301,136.1601,187.409,-197.4382
B302,142.9125,179.586,-200.0191
B303,149.3377,171.182,-202.673
B304,155.4553,162.4,-204.8855
B305,161.4408,153.526,-206.919
B306,168.2452,145.194,-209.9166
B307,176.0397,137.617,-214.0673
B308,183.5787,129.486,-217.7557
B309,190.8367,120.899,-220.9853
B310,197.8992,112.266,-224.5316
B311,200.0295,98.851,-222.4729
B312,206.971,87.826,-225.7431
B313,212.3175,75.934,-227.1896
B314,216.5116,63.399,-227.3058
B315,221.1261,51.078,-227.8661
B316,225.0031,38.47,-227.6044
B317,228.107,25.725,-226.5327
B318,230.4804,14.683,-225.9134
B319,233.0455,3.267,-225.9155
B320,234.9261,-8.269,-225.2046
B321,236.1085,-19.8,-223.8059
B322,238.2645,-31.623,-223.2367
B323,238.5569,-43.144,-220.9406
B324,238.3056,-54.573,-218.1145
B325,239.0077,-66.226,-216.1447
C301,237.0467,-77.021,-212.4358
C302,229.6197,-85.908,-213.6617
C303,222.4247,-94.877,-215.7417
C304,214.9859,-103.69,-217.5303
C305,208.7319,-113.047,-220.4737
C306,201.8442,-122.271,-222.9113
C307,194.8337,-131.337,-225.1049
C308,186.8589,-139.803,-226.2076
C309,178.565,-147.957,-226.844
C310,170.0755,-155.487,-227.4066
C311,160.281,-164.259,-228.8344
C312,150.3254,-172.969,-230.0905
C313,140.2498,-181.599,-231.1839
C314,129.2416,-189.312,-230.9525
C315,117.3703,-195.286,-228.7643
C316,105.186,-200.33,-225.6082
C317,93.3019,-205.355,-222.5905
C318,83.4943,-210.399,-221.427
C319,72.1683,-211.955,-217.0336
C320,61.6009,-215.054,-214.3131
C321,50.9591,-217.158,-210.6956
C322,40.4172,-219.361,-207.1687
C323,30.3335,-222.929,-205.043
C324,20.1643,-225.881,-202.327
C325,10.0484,-229.002,-199.7682
D301,0,-231.706,-197.4871
D302,-10.0562,-229.178,-199.9219
D303,-20.1818,-226.077,-202.5031
D304,-30.2779,-222.52,-204.6673
D305,-40.3308,-218.892,-206.7259
D306,-50.471,-215.078,-208.6774
D307,-60.4559,-211.057,-210.3296
D308,-70.471,-206.97,-211.9293
D309,-80.5568,-202.997,-213.6366
D310,-90.1046,-198.318,-214.9624
D311,-100.8783,-192.126,-216.369
D312,-111.3558,-185.279,-217.0416
D313,-121.938,-178.614,-217.9012
D314,-132.4467,-171.495,-218.3214
D315,-142.5452,-164.017,-218.182
D316,-152.2032,-155.981,-217.3017
D317,-161.6743,-147.806,-216.1735
D318,-169.9326,-140.805,-215.8777
D319,-177.842,-133.057,-215.2918
D320,-186.1918,-125.512,-215.1204
D321,-194.2394,-117.665,-214.5127
D322,-201.7008,-109.239,-213.047
D323,-209.3807,-100.986,-211.8588
D324,-216.9393,-92.537,-210.4211
D325,-224.0578,-83.827,-208.4863
E301,-230.5726,-74.917,-206.6339
E302,-230.7168,-63.929,-208.6469
E303,-230.3801,-52.758,-210.8604
E304,-230.4439,-41.677,-213.4267
E305,-230.6454,-30.612,-216.0982
E306,-230.2817,-19.312,-218.2827
E307,-229.6363,-8.083,-220.1336
E308,-228.1732,3.199,-221.1923
E309,-226.0862,14.403,-221.6063
E310,-223.2933,25.182,-221.7523
E311,-220.8043,37.752,-223.357
E312,-217.6714,50.28,-224.3061
E313,-214.6701,62.86,-225.3725
E314,-210.7834,75.385,-225.5481
E315,-205.8356,87.344,-224.5047
E316,-200.5004,99.084,-222.9967
E317,-195.5446,110.93,-221.8601
E318,-190.4647,120.663,-220.5545
E319,-185.0624,130.533,-219.5157
E320,-179.8446,140.591,-218.6941
E321,-173.7965,149.984,-216.8428
E322,-167.9015,159.669,-215.1996
E323,-161.789,169.016,-213.2332
E324,-155.4672,178.208,-210.9916
E325,-148.9959,187.23,-208.5334
A301,-142.3842,195.976,-206.4635
A327,-137.96,207.961,-202.7372
A328,-127.3712,211.329,-204.6221
A329,-116.4715,214.373,-206.7466
A330,-105.4502,217.079,-208.549
A331,-94.9399,221.141,-211.589
A332,-83.7188,223.649,-213.1386
A333,-72.3424,225.339,-213.8243
A334,-60.938,226.671,-214.1768
A335,-49.7765,227.289,-214.3205
A336,-38.5129,226.801,-213.4262
A337,-25.6309,226.653,-213.3846
A338,-12.8049,225.771,-212.651
A339,0,226.089,-212.9503
A340,12.8046,225.768,-212.6474
A341,25.5128,225.609,-212.4013
A342,38.3917,226.087,-212.7546
A343,49.3582,225.379,-212.5194
A344,59.9957,223.166,-210.8647
A345,70.4884,219.564,-208.3442
A346,80.8695,216.037,-205.8844
A347,91.3367,212.748,-203.5588
A348,101.4762,208.898,-200.6896
A349,111.5381,205.293,-197.9894
A350,121.2931,201.244,-194.8576
A351,130.8782,197.286,-192.3304
B326,139.7821,192.394,-188.8869
B327,146.685,184.806,-191.6762
B328,153.3484,176.894,-194.1436
B329,159.8167,168.505,-196.8066
B330,165.6677,159.477,-198.7131
B331,171.5353,150.352,-200.5475
B332,177.4549,141.268,-202.4412
B333,184.0846,132.76,-205.0572
B334,191.7357,124.742,-208.7226
B335,198.6543,116.33,-212.0484
B336,203.4123,106.511,-213.0214
B337,208.376,94.752,-214.142
B338,210.6489,81.901,-212.535
B339,218.5334,71.007,-216.4268
B340,222.999,58.728,-216.8532
B341,228.9015,46.771,-218.5614
B342,233.3697,34.306,-218.8355
B343,237.9304,23.527,-220.2295
B344,239.7926,12.368,-219.0968
B345,241.5887,0.849,-218.2727
B346,242.9659,-10.703,-217.0631
B347,244.0401,-22.358,-215.4601
B348,247.5363,-34.388,-215.9617
B349,247.9428,-46.024,-213.703
B350,247.7585,-57.555,-210.9338
B351,246.9794,-68.773,-208.2741
C326,246.6649,-80.146,-206.0013
C327,237.9293,-88.673,-206.2758
C328,229.0606,-96.861,-206.2424
C329,222.7312,-106.161,-209.0925
C330,217.1117,-115.882,-212.6681
C331,211.8569,-126.117,-216.7721
C332,204.6726,-135.354,-219.0079
C333,197.5286,-144.576,-221.1594
C334,189.1012,-152.871,-221.8827
C335,179.839,-159.933,-221.6818
C336,171.8502,-168.068,-223.0067
C337,161.865,-176.942,-224.3423
C338,152.2737,-186.399,-226.3401
C339,141.2954,-194.476,-226.417
C340,129.9571,-202.01,-225.8811
C341,117.544,-207.351,-222.9773
C342,105.1945,-212.261,-219.7822
C343,95.0269,-217.02,-218.224
C344,84.0577,-219.522,-214.4925
C345,72.8836,-221.658,-210.813
C346,62.1076,-224.294,-207.7209
C347,51.2843,-226.364,-204.0646
C348,40.646,-228.394,-200.4677
C349,30.3586,-231.09,-197.5149
C350,20.2123,-234.714,-195.3655
C351,10.1145,-237.38,-193.0174
D326,0,-239.658,-190.3538
D327,-10.0514,-235.898,-191.8123
D328,-20.0947,-233.348,-194.2285
D329,-30.2229,-230.057,-196.632
D330,-40.338,-226.664,-198.949
D331,-50.4634,-222.74,-200.7981
D332,-60.6429,-219.004,-202.8221
D333,-70.9967,-215.92,-205.3552
D334,-81.3565,-212.468,-207.5998
D335,-90.7063,-207.152,-208.3019
D336,-100.6534,-203.098,-210.2945
D337,-111.279,-196.3,-211.0928
D338,-121.8758,-189.448,-211.8347
D339,-132.412,-182.249,-212.1819
D340,-142.7514,-174.742,-212.1863
D341,-152.6111,-166.826,-211.5166
D342,-162.2625,-158.691,-210.5648
D343,-170.7114,-151.816,-210.4305
D344,-179.0371,-144.735,-210.074
D345,-187.2017,-137.018,-209.5971
D346,-195.6382,-129.379,-209.3407
D347,-203.5556,-121.175,-208.2782
D348,-211.0642,-112.654,-206.7443
D349,-218.7135,-104.246,-205.3208
D350,-226.103,-95.611,-203.5794
D351,-232.5087,-86.653,-201.5763
E326,-239.1868,-77.716,-199.756
E327,-240.2681,-66.904,-202.6145
E328,-241.0647,-56,-205.235
E329,-241.5638,-44.84,-208.2048
E330,-240.964,-33.475,-210.2278
E331,-240.3801,-22.023,-212.2287
E332,-240.1467,-10.579,-214.5444
E333,-238.9697,0.84,-215.9064
E334,-236.4889,12.197,-216.0783
E335,-233.5419,23.093,-216.1675
E336,-231.095,33.972,-216.7025
E337,-228.1587,46.619,-217.8521
E338,-225.1477,59.294,-218.9426
E339,-221.5925,72.001,-219.4563
E340,-217.0695,84.397,-219.013
E341,-212.4202,96.591,-218.2981
E342,-206.9985,108.389,-216.7771
E343,-202.2931,118.461,-215.9326
E344,-197.3361,128.385,-214.8192
E345,-192.1831,138.6,-214.0784
E346,-186.3886,148.38,-212.6327
E347,-180.8725,158.536,-211.4639
E348,-174.8818,168.346,-209.765
E349,-168.7752,177.951,-207.8385
E350,-162.4577,187.402,-205.6763
E351,-155.9827,196.52,-203.8257
A326,-149.2104,205.371,-201.6272
A353,-144.7766,217.683,-197.7371
A354,-133.4251,220.206,-198.8877
A355,-122.7396,223.574,-200.8256
A356,-111.9497,227.143,-203.4378
A357,-100.5932,229.73,-205.0508
A358,-89.4246,232.737,-207.062
A359,-77.9223,234.732,-208.1898
A360,-66.4605,236.48,-208.9618
A361,-55.296,237.796,-209.7484
A362,-43.8885,237.756,-209.3625
A363,-32.6187,237.587,-208.8809
A364,-19.5753,237.379,-208.842
A365,-6.5055,236.583,-208.1173
A366,6.5718,238.995,-210.2391
A367,20.0327,242.926,-213.7218
A368,33.3746,243.093,-213.7218
A369,44.8023,242.707,-213.7218
A370,56.3435,242.301,-213.7218
A371,67.9744,241.867,-213.7218
A372,77.5068,233.48,-207.0796
A373,86.208,224.366,-199.6141
A374,96.1693,219.628,-196.0331
A375,105.7959,214.657,-192.2548
A376,115.7626,210.865,-189.4099
A377,124.8487,206.052,-186.1034
A378,134.2224,201.814,-183.3221
B352,143.5756,197.616,-180.5937
B353,150.4964,190.065,-183.3674
B354,157.3807,182.405,-186.097
B355,163.6167,174.029,-188.082
B356,169.6692,165.209,-190.2492
B357,175.6948,156.25,-192.2418
B358,181.6363,147.183,-194.1542
B359,187.5323,138.081,-196.0318
B360,195.5635,130.413,-199.959
B361,201.3751,121.433,-202.0287
B362,206.8385,112.112,-203.73
B363,209.0286,101.127,-202.2532
B364,213.2434,89.264,-202.6939
B365,217.3804,77.3,-202.8791
B366,224.7728,66.261,-206.063
B367,229.4665,54.184,-206.731
B368,234.7905,42.173,-207.777
B369,239.1147,31.656,-208.8673
B370,244.8481,21.032,-211.1311
B371,247.249,9.942,-210.4991
B372,246.8982,-1.569,-207.8332
B373,250.3191,-13.198,-208.1762
B374,253.6157,-25.078,-208.3737
B375,256.113,-37.074,-207.8967
B376,256.6984,-48.811,-205.7456
B377,257.5336,-60.461,-204.3425
B378,257.2978,-71.969,-202.081
C352,255.1775,-82.912,-198.3703
C353,247.2169,-91.806,-199.4633
C354,237.9125,-99.95,-199.3363
C355,229.6934,-108.25,-199.9391
C356,220.9142,-116.293,-200.5634
C357,217.9073,-127.603,-206.4661
C358,214.836,-139.418,-212.6962
C359,207.2117,-148.544,-214.611
C360,199.0492,-157.213,-215.7715
C361,190.2589,-164.861,-216.2856
C362,181.3648,-172.356,-216.6602
C363,173.2067,-180.508,-217.8982
C364,163.879,-190.431,-220.2874
C365,153.6382,-199.682,-221.5504
C366,141.922,-207.078,-220.756
C367,129.4946,-213.1,-218.6408
C368,117.1012,-218.552,-215.9636
C369,106.7003,-223.288,-214.2982
C370,95.7381,-226.541,-211.2947
C371,84.5937,-228.656,-207.3976
C372,73.5211,-231.267,-204.2725
C373,62.3563,-233.014,-200.3259
C374,51.6093,-235.662,-197.2498
C375,40.8501,-237.407,-193.5274
C376,30.4263,-239.715,-190.2662
C377,20.3457,-242.905,-188.2917
C378,10.1856,-245.8,-186.0741
D352,0,-247.998,-183.3537
D353,-10.1258,-244.357,-184.9821
D354,-20.1545,-240.622,-186.522
D355,-30.1236,-237.331,-188.3735
D356,-40.3583,-234.549,-191.1978
D357,-50.7331,-231.661,-193.901
D358,-61.0931,-228.294,-196.2677
D359,-71.5339,-225.016,-198.7511
D360,-82.0703,-221.835,-201.211
D361,-91.7835,-217.183,-202.5668
D362,-101.4249,-212.248,-203.703
D363,-110.7395,-206.678,-204.2311
D364,-121.3393,-199.679,-204.8713
D365,-131.9754,-192.565,-205.2844
D366,-142.5747,-185.303,-205.5965
D367,-152.9746,-177.76,-205.6296
D368,-162.8416,-169.706,-204.8587
D369,-171.1904,-162.687,-204.5058
D370,-179.4883,-155.528,-204.0416
D371,-188.1406,-148.597,-203.9465
D372,-196.8869,-141.142,-203.9175
D373,-205.4577,-133.332,-203.4114
D374,-212.7219,-124.566,-201.5529
D375,-220.2639,-115.951,-199.973
D376,-227.8247,-107.369,-198.3124
D377,-234.5492,-98.537,-196.5184
D378,-240.8712,-89.449,-194.3434
E352,-246.9563,-80.241,-191.9792
E353,-248.1599,-69.413,-194.9041
E354,-249.8867,-58.666,-198.275
E355,-251.4614,-47.815,-201.5482
E356,-251.8136,-36.452,-204.4068
E357,-252.2285,-24.941,-207.234
E358,-251.7188,-13.272,-209.3403
E359,-249.8561,-1.588,-210.323
E360,-246.7851,9.923,-210.1041
E361,-244.3637,20.99,-210.7133
E362,-242.043,32.043,-211.4252
E363,-239.5573,43.029,-211.9954
E364,-235.3179,55.565,-212.0027
E365,-232.106,68.423,-212.7857
E366,-227.8045,81.007,-212.6078
E367,-223.2791,93.465,-212.2331
E368,-218.6144,105.764,-211.5282
E369,-214.1628,116.082,-210.9441
E370,-208.9539,126.003,-209.6321
E371,-204.7553,136.543,-209.3573
E372,-199.3978,146.818,-208.4351
E373,-193.6689,156.933,-207.0161
E374,-188.2005,167.372,-205.9253
E375,-181.9301,177.147,-203.9972
E376,-175.8106,186.999,-202.0993
E377,-169.3549,196.284,-200.2561
E378,-162.5597,205.3,-198.0655
A352,-155.891,214.566,-196.0843
A380,-151.2806,226.95,-191.8313
A381,-140.1943,230.226,-193.696
A382,-129.1107,233.322,-195.4173
A383,-118.201,236.596,-197.2922
A384,-106.8639,239.662,-199.3313
A385,-96.9571,246.321,-198.8358
A386,-83.7953,244.598,-202.4201
A387,-72.1677,246.634,-203.6089
A388,-60.9101,248.34,-204.7389
A389,-49.5093,249.294,-205.2485
A390,-38.3729,251.668,-206.9269
A391,-27.7917,260.276,-213.7218
A392,-13.8723,260.276,-213.7218
A393,0,260.275,-213.7218
A394,13.8723,260.276,-213.7218
A395,27.7917,260.276,-213.7218
A396,39.633,259.932,-213.7218
A397,51.5532,259.586,-213.7218
A398,63.5132,258.954,-213.4888
A399,75.1048,256.671,-211.8954
A400,86.635,252.887,-209.2797
A401,93.951,238.684,-198.0158
A402,100.8781,226.238,-188.1662
A403,110.3674,220.916,-184.2169
A404,119.4464,215.858,-180.7898
A405,128.5224,211.058,-177.5698
A406,137.8644,206.823,-174.8189
B379,147.2529,202.677,-172.1428
B380,154.1958,195.154,-174.9309
B381,161.032,187.476,-177.5916
B382,167.2592,179.102,-179.5849
B383,173.4486,170.724,-181.5484
B384,179.6857,161.971,-183.7623
B385,185.8685,153.141,-185.9124
B386,192.506,144.594,-188.4909
B387,200.9175,137.109,-192.7279
B388,206.4865,127.932,-194.4938
B389,211.0548,118.113,-195.3112
B390,214.8788,107.929,-195.454
B391,219.1063,97.988,-195.9746
B392,221.5044,85.254,-194.6162
B393,227.0652,73.779,-196.0471
B394,230.1525,61.451,-195.3301
B395,234.7627,49.495,-195.8966
B396,238.1946,39.137,-196.2077
B397,245.0391,29.078,-199.2694
B398,251.9329,18.586,-202.2702
B399,253.6202,7.483,-201.0384
B400,257.7211,-4.096,-201.7944
B401,261.4837,-15.927,-202.2306
B402,265.6194,-28.067,-202.8944
B403,267.4569,-40.192,-201.754
B404,267.8365,-51.86,-199.9234
B405,267.9163,-63.526,-197.8588
B406,267.9445,-75.249,-195.7432
C379,263.9038,-85.748,-190.6703
C380,255.683,-94.647,-191.7541
C381,247.4466,-103.31,-192.6868
C382,237.1852,-110.811,-191.8496
C383,229.5046,-119.236,-192.9297
C384,223.3427,-128.781,-195.8399
C385,219.2369,-139.746,-200.7021
C386,217.0306,-152.47,-207.6517
C387,208.9746,-161.455,-209.2385
C388,199.8889,-169.033,-209.6054
C389,191.2127,-176.862,-210.3391
C390,183.1439,-185.271,-211.7529
C391,175.2499,-193.987,-213.454
C392,165.5527,-204.069,-215.471
C393,154.201,-212.239,-215.4194
C394,142.099,-219.239,-214.2284
C395,129.6027,-225.338,-212.249
C396,118.7334,-229.74,-210.2048
C397,107.6698,-233.368,-207.5472
C398,96.1349,-235.345,-203.5563
C399,85.0492,-237.664,-200.0035
C400,73.3773,-238.674,-195.4889
C401,62.1603,-240.108,-191.4661
C402,51.9345,-245.001,-190.2448
C403,41.1494,-247.124,-186.8849
C404,30.824,-249.54,-184.2598
C405,20.5422,-251.964,-181.6587
C406,10.2717,-254.28,-178.9886
D379,0,-256.248,-176.0776
D380,-10.2115,-252.79,-177.9392
D381,-20.2743,-248.679,-179.2902
D382,-30.3141,-245.412,-181.2121
D383,-40.4911,-243.171,-183.8953
D384,-50.9678,-240.441,-186.7036
D385,-61.4254,-237.269,-189.2025
D386,-71.9753,-234.114,-191.7535
D387,-82.3807,-230.207,-193.7282
D388,-92.3222,-226.012,-195.4832
D389,-102.0268,-221.137,-196.6696
D390,-112.0573,-216.823,-198.3854
D391,-121.436,-211.139,-198.8746
D392,-131.7442,-203.263,-198.6175
D393,-142.1869,-195.703,-198.6356
D394,-152.6475,-188.162,-198.6746
D395,-163.7232,-181.228,-199.4144
D396,-172.0463,-174.043,-198.9209
D397,-180.4704,-166.926,-198.5223
D398,-188.5189,-159.418,-197.6827
D399,-197.4357,-152.54,-197.685
D400,-206.5399,-145.1,-197.6144
D401,-214.7579,-136.891,-196.6018
D402,-221.0846,-127.479,-193.8599
D403,-229.1326,-119.043,-192.617
D404,-235.4688,-110.009,-190.4613
D405,-241.9084,-100.998,-188.3742
D406,-248.5276,-91.998,-186.3879
E379,-256.8415,-83.453,-185.5678
E380,-257.8033,-72.401,-188.3348
E381,-259.425,-61.512,-191.5879
E382,-260.9765,-50.532,-194.8028
E383,-262.5552,-39.455,-198.0564
E384,-264.1836,-27.915,-201.7977
E385,-264.8803,-16.134,-204.8576
E386,-264.4399,-4.203,-207.0551
E387,-260.0661,7.674,-206.148
E388,-257.3797,18.988,-206.6432
E389,-252.9945,30.022,-205.7388
E390,-250.9051,41.226,-206.6777
E391,-247.8623,52.257,-206.8275
E392,-243.5062,65.016,-206.6633
E393,-239.1189,77.695,-206.4542
E394,-234.5843,90.288,-206.1084
E395,-230.1043,102.907,-205.8116
E396,-225.6931,113.361,-205.2907
E397,-221.1344,123.754,-204.6389
E398,-216.3684,134.054,-203.8018
E399,-212.0776,144.725,-203.4332
E400,-207.0059,155.485,-202.6885
E401,-201.6741,166.163,-201.7217
E402,-195.2289,175.982,-199.6582
E403,-188.7873,185.822,-197.6034
E404,-182.5783,195.506,-196.0329
E405,-175.8447,204.721,-193.9275
E406,-169.0308,213.929,-191.7607
A379,-162.4131,223.543,-189.8654
A407,-135.5324,243.248,-189.5167
A408,-124.0469,245.861,-190.9014
A409,-112.9731,248.908,-192.7307
A410,-101.3139,251.609,-194.492
A411,-89.7002,254.423,-196.3266
A432,-84.1901,267.992,-192.2657
A412,-78.0191,256.958,-197.9245
A433,-73.9805,275.038,-197.1107
A413,-66.811,259.436,-199.5199
A434,-63.0792,280.942,-201.1322
A414,-56.5399,266.864,-205.0461
A435,-50.8708,282.152,-201.8722
A415,-45.2247,271.342,-208.2857
A436,-38.6883,283.358,-202.6105
A416,-33.2163,272.228,-208.7437
A437,-26.5697,284.11,-203.079
A417,-21.2956,273.011,-209.2361
A438,-14.4326,284.445,-203.2488
A418,-7.113,273.457,-209.6028
A439,0,284.631,-203.3819
A419,7.1068,273.219,-209.4205
A440,14.4399,284.589,-203.3514
A420,21.2894,272.932,-209.1757
A441,26.565,284.06,-203.0428
A421,33.2525,272.524,-208.9712
A442,38.6608,283.157,-202.4666
A422,45.2488,271.487,-208.3968
A443,50.8808,282.207,-201.9118
A423,57.2809,270.361,-207.7337
A444,63.1211,281.129,-201.2657
A424,69.3092,269.136,-206.9803
A445,74.9644,278.695,-199.7323
A425,81.002,266.782,-205.4917
A446,87.0171,276.991,-198.7218
A426,93.1635,264.246,-203.9067
A427,103.3761,256.731,-198.4508
A428,105.7939,233.09,-180.483
A429,114.8609,227.655,-176.7646
A430,124.2209,222.947,-173.6997
B407,170.7767,183.943,-170.8272
B408,177.1724,175.773,-173.0089
B409,183.3321,167.477,-175.0798
B410,189.5937,158.71,-177.2925
B411,199.9878,153.018,-183.2569
B432,213.8224,152.182,-179.6335
B412,207.7814,144.895,-186.7017
B433,220.7701,143.673,-182.294
B413,213.514,135.717,-188.4204
B434,224.5885,133.111,-182.3664
B414,218.0146,125.68,-189.1551
B435,227.9372,122.324,-182.1465
B415,221.6921,115.222,-189.1761
B436,231.3262,111.702,-181.9918
B416,224.8315,104.634,-188.7564
B437,234.2487,101.091,-181.5726
B417,228.3013,94.38,-188.7596
B438,238.0482,90.924,-181.8481
B418,231.3681,81.887,-188.0583
B439,241.6689,78.523,-181.5704
B419,235.3461,69.758,-188.0853
B440,244.2977,65.895,-180.5686
B420,238.8238,57.513,-187.6978
B441,248.6818,55.848,-181.391
B421,242.0647,47.243,-187.725
B442,252.8165,45.604,-182.0011
B422,246.7033,37.035,-188.8891
B443,257.019,35.114,-182.6539
B423,253.1531,26.777,-191.3493
B444,262.551,24.566,-184.2008
B424,259.245,16.123,-193.4473
B445,266.7023,13.719,-184.821
B425,264.4571,5.126,-194.9516
B446,273.05,2.668,-186.8985
B426,267.8537,-6.644,-194.991
B427,273.3151,-18.79,-196.4421
B428,277.9786,-31.239,-197.2308
B429,278.8439,-43.031,-195.5892
B430,279.1501,-54.896,-193.627
C407,247.4182,-114.713,-185.6102
C408,238.698,-122.817,-186.0899
C409,231.5526,-131.475,-187.7451
C410,227.5105,-142.535,-192.5069
C411,225.8196,-155.661,-199.6017
C432,229.961,-170.533,-195.9539
C412,219.3581,-165.961,-202.7339
C433,220.9103,-178.536,-196.5735
C413,210.1567,-173.601,-203.0104
C434,211.1011,-185.753,-196.4199
C414,200.1811,-180.482,-202.598
C435,202.555,-194.104,-197.5375
C415,192.0099,-188.934,-203.964
C436,194.4988,-203,-199.1755
C416,184.6692,-198.333,-206.2704
C437,186.5733,-212.052,-201.0128
C417,176.8478,-207.353,-208.233
C438,178.4834,-221.159,-202.8113
C418,166.9262,-217.62,-210.1542
C439,167.5422,-230.602,-203.6743
C419,154.7644,-225.1,-209.3125
C440,154.7125,-237.37,-202.1988
C420,142.139,-231.588,-207.6236
C441,142.5305,-240.456,-198.9338
C421,130.7225,-235.409,-204.9559
C442,129.4848,-241.233,-193.9679
C422,119.3012,-238.889,-202.1812
C443,117.5097,-243.301,-190.2488
C423,107.7152,-241.503,-198.7695
C444,106.3108,-246.314,-187.3994
C424,95.8458,-242.589,-194.2603
C445,95.1436,-248.574,-184.2023
C425,84.1587,-242.894,-189.4641
C446,84.2367,-250.886,-181.1406
C426,72.822,-244.601,-185.7307
C427,61.6744,-246.133,-181.9455
C428,51.1049,-249.23,-179.3838
C429,41.3628,-254.614,-178.8188
C430,30.9885,-257.037,-176.2054
D407,-30.6009,-253.823,-174.0015
D408,-40.8178,-251.26,-176.4627
D409,-51.1099,-249.254,-179.4014
D410,-61.7924,-246.604,-182.2936
D411,-72.5782,-243.782,-185.1088
D432,-83.7322,-249.384,-180.0559
D412,-83.0641,-239.735,-186.9999
D433,-94.4495,-246.761,-182.8586
D413,-93.0607,-235.54,-188.6154
D434,-104.6773,-242.529,-184.52
D414,-103.001,-230.934,-190.0703
D435,-114.8543,-237.803,-185.9496
D415,-113.147,-226.566,-191.7516
D436,-124.7847,-232.477,-186.9271
D416,-122.8225,-221.183,-192.5697
D437,-133.5878,-225.369,-186.4523
D417,-131.7681,-214.69,-192.4748
D438,-142.3984,-218.477,-186.1051
D418,-141.9851,-206.512,-192.029
D439,-153.0541,-210.66,-186.0617
D419,-153.2556,-199.798,-192.9434
D440,-164.3419,-203.637,-186.7423
D420,-163.5673,-191.781,-192.5955
D441,-172.7565,-196.349,-186.1267
D421,-172.7435,-185.525,-192.9497
D442,-181.5462,-189.481,-185.9114
D422,-180.9455,-178.047,-192.2107
D443,-189.3213,-181.423,-184.6316
D423,-188.9735,-170.378,-191.2551
D444,-197.7316,-173.989,-183.9802
D424,-197.4843,-163.133,-190.7689
D445,-206.9898,-167.286,-184.1866
D425,-206.9228,-156.552,-191.241
D446,-216.0263,-160.2,-184.0799
D426,-215.1119,-148.28,-190.1371
D427,-222.3693,-139.314,-188.1567
D428,-230.1089,-130.655,-186.5745
D429,-236.7375,-121.808,-184.5614
D430,-242.5508,-112.456,-181.9587
E407,-271.3261,-53.357,-188.2001
E408,-273.8621,-42.262,-192.0949
E409,-276.9519,-31.123,-196.5023
E410,-277.7599,-19.096,-199.6367
E432,-286.8373,2.803,-196.3357
E411,-276.6236,-6.861,-201.3753
E433,-283.0354,14.56,-196.1396
E412,-274.4672,5.32,-202.3308
E434,-279.3777,26.141,-196.0061
E413,-270.5292,16.825,-201.8675
E435,-275.6001,37.653,-195.8588
E414,-266.949,28.236,-201.7772
E436,-271.7892,49.027,-195.6594
E415,-262.9529,39.474,-201.3306
E437,-267.3811,60.048,-195.0305
E416,-259.187,50.585,-201.0036
E438,-263.6568,71.117,-194.8775
E417,-255.9042,61.626,-201.1217
E439,-259.0817,84.181,-194.653
E418,-251.3559,74.503,-200.88
E440,-253.6921,96.9,-193.7987
E419,-246.7183,87.32,-200.535
E441,-248.953,107.436,-192.9703
E420,-241.758,99.943,-199.8856
E442,-243.8801,117.764,-191.8684
E421,-237.8559,110.696,-199.6909
E443,-239.644,128.607,-191.5015
E422,-233.3278,121.27,-199.1051
E444,-234.9885,139.275,-190.8112
E423,-228.4216,131.679,-198.1844
E445,-230.6659,150.113,-190.4651
E424,-224.1248,142.462,-197.7842
E446,-226.1954,160.988,-190.0281
E425,-219.1292,152.808,-196.8982
E426,-213.856,163.629,-195.9649
E427,-208.1197,174.219,-194.6166
E428,-202.1337,184.653,-193.0351
E429,-195.6709,194.126,-191.0728
E430,-189.1979,203.784,-189.2538
